Name,Quarter,Rate
Bob,Q1,0.1
Jane,Q1,0.12
Joe,Q1,0.09
Lin,Q1,0.09
Bob,Q2,0.08
Jane,Q2,0.11
Joe,Q2,0.07
Lin,Q2,0.08
Bob,Q3,0.08
Jane,Q3,0.09
Joe,Q3,0.07
Lin,Q3,0.08
Bob,Q4,0.07
Jane,Q4,0.07
Joe,Q4,0.06
Lin,Q4,0.07
